EmployeeNumber,StandardHours,StockOptionLevel,TotalWorkingYears,TrainingTimesLastYear,WorkLifeBalance,YearsAtCompany,YearsInCurrentRole,YearsSinceLastPromotion,YearsWithCurrManager
1,80,0,8,0,1,6,4,0,5
2,80,1,10,3,3,10,7,1,7
4,80,0,7,3,3,0,0,0,0
5,80,0,8,3,3,8,7,3,0
7,80,1,6,3,3,2,2,2,2
8,80,0,8,2,2,7,7,3,6
10,80,3,12,3,2,1,0,0,0
11,80,1,1,2,3,1,0,0,0
12,80,0,10,2,3,9,7,1,8
13,80,2,17,3,2,7,7,7,7
14,80,1,6,5,3,5,4,0,3
15,80,0,10,3,3,9,5,0,8
16,80,1,5,1,2,5,2,4,3
18,80,1,3,2,3,2,2,1,2
19,80,0,6,4,3,4,2,0,3
20,80,1,10,1,3,10,9,8,8
21,80,2,7,5,2,6,2,0,5
22,80,2,1,2,2,1,0,0,0
23,80,0,31,3,3,25,8,3,7
24,80,0,6,3,3,3,2,1,2
26,80,1,5,5,2,4,2,1,3
27,80,0,10,4,3,5,3,0,3
28,80,0,13,4,3,12,6,2,11
30,80,0,0,6,3,0,0,0,0
31,80,0,8,2,3,4,2,1,3
32,80,1,26,3,2,14,13,4,8
33,80,0,10,5,3,10,2,6,7
35,80,1,10,2,3,9,7,4,2
36,80,1,24,4,3,22,6,5,17
38,80,0,22,2,2,2,2,2,1
39,80,0,7,3,3,1,1,0,0
40,80,0,9,5,4,4,2,1,3
41,80,0,10,5,3,10,0,1,8
42,80,1,19,6,4,1,0,0,0
45,80,1,6,2,2,2,0,2,0
46,80,2,6,3,2,5,3,1,4
47,80,0,3,2,3,3,2,0,2
49,80,0,2,3,3,2,2,2,2
51,80,1,6,3,4,1,1,0,0
52,80,2,10,3,3,5,3,1,3
53,80,1,1,3,3,1,0,0,0
54,80,1,1,6,3,1,0,0,0
55,80,0,1,2,2,1,0,0,1
56,80,0,9,0,3,9,8,1,7
57,80,0,12,2,3,12,8,3,7
58,80,0,23,0,3,22,15,15,8
60,80,0,10,2,3,9,5,8,7
61,80,0,8,1,3,1,0,0,0
62,80,0,14,4,3,9,6,0,8
63,80,0,1,2,3,1,0,0,1
64,80,0,23,2,3,1,0,0,0
65,80,0,2,3,2,2,2,2,2
68,80,1,9,2,2,4,3,1,3
70,80,1,10,3,3,4,0,2,3
72,80,1,5,2,2,2,2,0,0
73,80,0,15,1,3,15,14,8,12
74,80,1,9,3,2,9,8,1,8
75,80,1,4,3,3,2,2,2,2
76,80,1,10,3,2,7,7,1,7
77,80,1,7,2,4,7,5,0,7
78,80,1,9,3,3,9,8,7,8
79,80,0,10,2,3,10,3,9,9
80,80,1,29,2,2,27,3,13,8
81,80,0,28,3,2,21,16,7,9
83,80,3,17,2,3,17,14,12,8
84,80,3,21,2,3,5,0,0,2
85,80,0,6,3,3,6,5,0,3
86,80,1,25,2,3,1,0,0,0
88,80,1,5,2,2,3,2,1,2
90,80,1,2,0,2,1,0,0,0
91,80,0,20,2,2,4,3,1,3
94,80,1,6,3,3,5,4,0,4
95,80,0,1,4,3,1,1,1,0
96,80,2,10,3,3,10,4,0,9
97,80,0,5,3,3,1,0,0,0
98,80,0,11,2,3,11,7,1,8
100,80,0,16,2,3,15,13,2,8
101,80,0,17,3,4,0,0,0,0
102,80,0,16,3,4,5,2,0,2
103,80,1,16,2,3,4,2,0,2
104,80,2,10,1,2,10,8,3,0
105,80,0,6,3,3,6,4,0,4
106,80,1,24,4,3,1,0,1,0
107,80,3,17,3,3,13,11,1,9
110,80,0,5,2,3,5,2,1,3
112,80,0,37,3,2,6,4,0,2
113,80,1,3,3,3,0,0,0,0
116,80,2,10,4,3,4,2,0,3
117,80,3,11,3,3,11,10,10,8
118,80,0,9,3,3,9,8,4,7
119,80,1,22,3,2,22,3,11,11
120,80,0,11,2,1,10,7,1,0
121,80,3,11,4,2,11,8,2,7
124,80,1,21,5,2,10,9,9,5
125,80,0,12,0,3,11,8,5,7
126,80,1,16,5,1,4,3,0,3
128,80,1,4,2,2,3,2,0,2
129,80,0,5,3,4,5,4,0,4
131,80,0,38,1,2,37,10,1,8
132,80,1,17,3,4,3,2,1,2
133,80,0,7,3,3,3,2,0,2
134,80,0,1,2,3,1,0,0,0
137,80,0,1,5,3,1,0,1,0
138,80,0,16,3,3,16,13,2,10
139,80,1,17,2,4,1,0,0,0
140,80,1,30,3,3,3,2,2,2
141,80,0,28,1,2,8,3,0,7
142,80,0,6,1,3,6,4,0,3
143,80,2,2,2,3,2,2,2,1
144,80,0,1,5,3,0,0,0,0
145,80,0,23,1,2,13,12,12,8
147,80,0,9,3,3,9,7,0,6
148,80,0,23,3,3,5,3,4,4
150,80,1,6,2,3,5,3,1,2
151,80,1,12,3,3,1,0,0,0
152,80,0,12,3,3,5,3,1,3
153,80,0,14,6,3,11,10,5,8
154,80,1,10,6,3,9,7,2,8
155,80,1,7,2,3,1,0,0,0
158,80,2,25,3,4,25,12,4,12
159,80,3,10,2,2,10,7,0,9
160,80,1,8,2,4,7,7,0,7
161,80,3,7,2,3,5,4,4,3
162,80,0,23,5,3,20,18,15,15
163,80,0,12,3,2,7,7,7,7
164,80,0,5,3,2,5,4,4,3
165,80,1,40,3,2,40,10,15,6
167,80,0,0,2,2,0,0,0,0
169,80,1,3,2,3,2,1,2,1
170,80,0,16,2,2,15,11,5,11
171,80,0,18,2,3,3,2,1,2
174,80,0,16,3,3,2,2,2,1
175,80,1,4,2,3,2,2,2,2
176,80,1,12,2,3,9,7,0,7
177,80,1,8,3,3,8,7,5,7
178,80,2,7,0,3,3,2,0,1
179,80,0,18,2,3,4,2,0,3
182,80,1,17,1,4,15,11,5,9
183,80,0,6,3,3,2,2,2,2
184,80,0,12,2,1,11,9,4,7
190,80,0,10,2,4,5,4,0,4
192,80,0,9,2,2,6,5,0,3
193,80,0,19,2,3,3,2,2,2
194,80,0,5,4,2,5,4,0,4
195,80,3,9,2,4,8,7,0,7
197,80,1,8,3,3,3,2,2,2
198,80,0,6,3,3,5,3,1,2
199,80,1,21,2,2,7,6,7,7
200,80,1,7,2,3,5,0,1,4
201,80,0,1,3,3,1,0,0,0
202,80,1,20,2,3,20,7,2,13
204,80,2,10,3,3,10,8,0,6
205,80,1,13,3,1,7,7,4,5
206,80,1,20,2,1,17,9,0,15
207,80,0,9,2,3,9,8,3,7
208,80,1,10,1,3,10,7,0,9
211,80,0,10,2,3,1,0,0,0
214,80,1,9,3,2,1,0,0,0
215,80,1,15,2,2,12,11,2,11
216,80,1,6,3,3,4,3,1,2
217,80,2,2,6,3,2,2,2,2
218,80,1,6,1,1,2,2,2,2
221,80,1,5,2,1,5,2,0,2
223,80,1,12,2,1,5,3,1,4
224,80,1,1,2,2,1,1,0,1
226,80,0,21,5,3,5,4,4,4
227,80,1,13,2,3,9,8,1,8
228,80,1,12,2,3,10,9,7,4
230,80,0,12,2,4,8,3,0,7
231,80,0,8,2,3,5,4,1,4
233,80,1,6,3,2,5,2,1,1
235,80,0,1,5,4,0,0,0,0
238,80,0,13,3,2,8,7,7,2
239,80,2,12,4,3,12,9,6,10
240,80,1,9,3,4,5,4,0,3
241,80,1,19,3,3,2,2,2,2
242,80,0,4,2,4,3,1,0,2
243,80,0,1,3,2,1,0,1,0
244,80,3,24,2,3,24,13,15,7
245,80,0,2,3,3,2,2,2,1
246,80,1,7,0,3,4,2,0,2
247,80,0,9,3,3,3,2,1,2
248,80,0,4,5,2,4,3,0,2
249,80,1,5,2,2,3,2,0,2
250,80,2,5,3,3,4,2,1,3
252,80,1,8,5,3,8,7,1,6
253,80,1,21,2,3,20,8,9,9
254,80,0,36,3,3,24,15,2,15
256,80,0,10,2,2,10,9,1,9
258,80,0,21,6,3,7,7,1,0
259,80,1,34,5,3,33,18,11,9
260,80,0,7,2,2,7,7,0,3
261,80,0,8,1,3,1,0,0,1
262,80,3,7,3,4,5,4,2,2
264,80,1,22,1,3,20,8,11,8
267,80,1,8,3,2,8,7,1,7
269,80,0,10,5,3,6,2,1,2
270,80,1,11,5,3,5,3,0,2
271,80,0,14,3,3,1,0,0,0
273,80,1,9,3,1,7,7,1,7
274,80,1,6,1,3,2,2,2,0
275,80,2,7,0,3,7,7,1,7
277,80,1,5,4,4,5,3,2,0
281,80,1,15,2,4,7,2,3,7
282,80,0,17,2,3,1,0,0,0
283,80,3,10,3,2,10,4,1,9
284,80,1,4,2,2,4,2,2,2
286,80,0,8,2,3,8,1,1,7
287,80,1,5,5,1,3,2,0,2
288,80,1,17,3,3,4,2,0,3
291,80,0,14,2,2,14,8,9,8
292,80,0,12,2,3,11,8,5,8
293,80,0,7,2,3,7,7,0,7
296,80,2,16,5,1,10,9,4,7
297,80,0,8,5,3,5,2,0,4
298,80,0,16,3,3,1,0,0,0
299,80,0,9,5,2,6,3,0,1
300,80,0,7,1,2,6,2,1,5
302,80,0,23,2,3,19,7,12,8
303,80,1,16,4,3,6,2,0,5
304,80,0,16,3,4,13,11,3,7
305,80,0,7,3,3,3,2,1,1
306,80,3,10,1,3,10,8,0,7
307,80,2,17,6,2,16,10,5,13
308,80,1,6,2,3,5,4,1,4
309,80,1,7,6,3,1,0,0,0
311,80,1,13,2,3,9,8,5,8
312,80,1,11,5,3,11,10,4,1
314,80,0,10,3,4,10,7,0,8
315,80,0,4,3,2,4,3,0,1
316,80,0,6,3,2,2,2,2,2
319,80,0,22,3,3,22,17,11,15
321,80,0,7,2,2,2,2,2,2
323,80,1,32,3,2,7,0,0,6
325,80,1,8,2,1,5,4,0,4
327,80,1,22,3,3,17,13,1,9
328,80,0,13,3,4,9,7,1,7
329,80,0,33,2,4,33,7,15,12
330,80,1,6,5,3,4,3,1,2
331,80,0,4,2,1,3,2,1,2
332,80,3,7,1,3,3,2,1,2
333,80,0,4,2,3,3,2,2,2
334,80,2,17,2,2,1,0,0,0
335,80,2,9,3,3,9,8,4,7
336,80,1,25,2,3,24,0,1,7
337,80,1,9,3,3,2,2,2,2
338,80,1,2,2,2,2,2,0,2
339,80,1,13,3,3,11,9,5,9
340,80,1,17,2,2,3,1,0,2
341,80,1,9,1,3,3,2,0,2
342,80,2,17,5,3,1,0,0,0
343,80,0,20,1,3,19,6,11,8
346,80,0,6,1,3,6,5,1,5
347,80,0,10,1,3,3,2,0,2
349,80,1,10,2,3,3,2,0,2
350,80,2,5,3,3,4,2,1,2
351,80,1,10,4,3,9,6,7,8
352,80,1,22,5,3,21,7,3,9
353,80,0,1,0,2,1,0,0,0
355,80,0,6,2,4,5,4,1,4
359,80,0,5,3,1,5,1,0,3
361,80,1,13,0,3,8,7,7,5
362,80,0,9,5,3,6,2,0,4
363,80,1,28,2,2,7,7,7,7
364,80,0,5,5,1,0,0,0,0
366,80,2,10,2,3,0,0,0,0
367,80,1,10,2,3,9,0,7,8
369,80,2,6,2,3,6,3,1,5
372,80,0,21,2,3,20,7,4,10
373,80,1,16,4,3,15,13,10,11
374,80,0,37,2,3,36,10,4,13
376,80,1,10,2,2,10,7,9,9
377,80,1,5,3,2,5,2,0,4
378,80,1,7,5,4,5,4,0,1
379,80,0,3,4,4,3,2,1,0
380,80,2,15,2,3,5,2,0,2
381,80,1,10,6,2,7,7,6,2
382,80,1,8,3,3,8,0,7,7
384,80,1,6,6,1,6,5,1,4
385,80,2,28,4,2,10,4,1,6
386,80,3,21,5,2,5,3,1,3
387,80,0,20,3,3,20,16,11,6
388,80,0,10,3,2,10,7,0,9
389,80,1,12,4,3,10,7,0,8
390,80,1,5,3,3,5,3,3,3
391,80,0,17,3,3,17,12,5,7
392,80,1,19,0,1,1,0,0,0
393,80,1,10,2,3,2,2,1,2
394,80,1,5,2,3,3,2,0,2
395,80,0,5,3,3,5,3,0,2
396,80,0,22,4,3,3,2,1,2
397,80,0,10,2,3,8,0,7,7
399,80,1,2,5,2,2,2,2,2
401,80,0,8,0,3,8,7,7,4
403,80,3,4,3,2,4,2,1,2
404,80,1,23,2,4,20,4,4,8
405,80,0,0,2,3,0,0,0,0
406,80,2,12,3,2,11,9,6,9
407,80,2,4,2,3,1,0,0,0
408,80,1,13,3,3,4,1,1,2
410,80,0,22,2,3,22,10,0,4
411,80,0,0,2,3,0,0,0,0
412,80,0,9,2,3,8,3,0,7
416,80,1,10,3,2,8,7,7,7
417,80,3,19,5,2,18,10,3,7
419,80,1,11,3,3,9,8,0,8
420,80,1,13,3,2,13,8,4,8
421,80,1,19,2,3,10,8,0,1
422,80,1,12,2,3,5,3,1,2
423,80,1,6,4,3,5,2,0,3
424,80,0,9,1,3,2,2,1,0
425,80,1,24,2,3,24,9,9,11
426,80,1,3,2,1,2,2,2,2
428,80,2,12,2,3,10,6,8,8
429,80,0,21,3,3,21,9,11,10
430,80,0,9,5,3,8,7,1,7
431,80,0,25,2,3,7,1,0,7
433,80,0,11,3,2,8,2,7,7
434,80,0,4,2,2,4,3,1,2
436,80,0,13,2,3,13,12,11,9
437,80,0,5,3,3,5,4,0,4
438,80,3,13,3,3,7,7,1,7
439,80,0,10,0,2,7,7,0,7
440,80,0,5,4,2,3,2,2,2
441,80,2,11,2,3,10,8,1,9
442,80,1,10,2,3,10,9,8,9
444,80,1,21,2,3,21,9,13,3
445,80,0,12,3,2,1,0,0,0
446,80,0,9,6,2,7,7,0,1
447,80,1,21,2,3,3,2,1,1
448,80,1,9,3,4,9,7,0,0
449,80,1,6,0,3,5,4,1,4
450,80,0,20,4,2,4,3,0,3
451,80,1,10,1,2,1,0,0,0
452,80,2,12,3,3,10,9,9,8
453,80,3,6,2,2,4,3,0,2
454,80,0,7,4,2,7,7,0,7
455,80,0,4,2,3,3,2,2,2
456,80,3,10,2,3,10,9,1,2
458,80,1,8,3,3,8,7,0,7
460,80,2,8,2,2,6,2,0,4
461,80,1,12,3,3,11,10,2,9
462,80,0,11,2,2,11,9,4,10
463,80,2,7,2,3,7,7,1,7
464,80,0,17,5,3,16,6,0,13
465,80,2,4,2,2,4,2,0,2
466,80,0,8,3,3,5,4,1,2
467,80,0,5,3,3,0,0,0,0
468,80,0,16,2,3,1,0,0,0
469,80,1,4,3,2,4,3,0,2
470,80,1,4,5,3,3,2,1,0
471,80,1,8,4,3,8,0,0,7
473,80,1,15,3,1,0,0,0,0
474,80,2,13,2,3,7,7,6,7
475,80,1,4,2,4,2,2,2,2
476,80,1,8,3,3,8,7,7,7
477,80,0,14,6,3,1,0,0,0
478,80,0,3,3,3,3,2,1,2
479,80,0,7,6,3,1,0,0,0
481,80,1,16,2,3,13,9,1,12
482,80,0,15,2,3,3,2,1,2
483,80,1,10,3,3,7,7,1,7
484,80,0,3,3,2,3,2,2,2
485,80,0,1,2,3,1,0,0,0
486,80,1,17,3,3,5,4,0,3
487,80,0,7,2,4,1,0,0,0
488,80,0,8,5,3,8,7,7,7
491,80,0,20,2,3,4,3,1,3
492,80,2,8,6,3,6,4,1,0
493,80,0,3,5,3,2,2,2,2
494,80,0,1,0,3,1,0,0,0
495,80,0,6,4,3,3,2,1,2
496,80,0,10,5,3,1,1,0,0
497,80,1,5,2,3,5,2,0,4
498,80,0,7,1,3,7,5,0,7
499,80,0,26,2,3,5,2,0,0
500,80,1,18,2,2,7,7,0,7
501,80,1,6,3,3,2,2,2,2
502,80,0,9,3,2,5,2,0,4
505,80,0,30,2,3,5,4,1,2
507,80,1,5,2,4,5,2,0,3
508,80,1,1,3,3,1,0,0,0
510,80,0,7,2,3,6,4,0,4
511,80,1,2,1,3,2,1,1,2
513,80,2,10,2,3,10,9,9,0
514,80,0,3,4,3,1,0,0,0
515,80,1,18,2,2,18,7,12,17
516,80,2,8,5,3,5,4,1,3
517,80,1,8,5,3,5,2,1,2
518,80,0,18,2,2,1,0,0,1
520,80,1,25,3,3,25,10,3,9
521,80,1,20,3,3,1,0,0,0
522,80,1,24,4,2,4,2,1,2
523,80,1,6,3,3,3,2,1,2
524,80,1,13,5,1,13,10,3,12
525,80,1,8,1,3,3,2,1,2
526,80,0,8,3,3,5,2,0,2
527,80,0,5,3,3,5,4,1,3
529,80,2,15,2,3,13,11,10,7
530,80,1,4,3,3,4,2,3,2
531,80,1,21,3,3,21,8,1,6
532,80,3,36,0,2,7,7,7,7
533,80,0,6,6,3,5,4,4,4
534,80,1,10,2,3,10,7,0,7
536,80,1,10,2,3,10,0,1,8
538,80,1,6,5,3,2,2,0,2
543,80,0,28,4,3,5,4,0,4
544,80,2,8,3,2,2,2,0,2
546,80,0,31,2,1,5,2,1,4
547,80,1,19,3,3,5,4,0,2
548,80,0,11,2,3,5,4,0,2
549,80,0,33,5,1,29,8,11,10
550,80,1,19,5,2,10,7,0,8
551,80,3,7,4,4,6,5,0,4
554,80,0,6,4,3,5,3,1,4
555,80,1,3,3,2,2,2,1,0
556,80,1,1,3,3,1,0,0,0
558,80,0,21,2,3,20,15,1,12
560,80,2,3,3,1,3,2,0,2
562,80,1,9,3,1,5,3,1,4
564,80,0,10,2,3,10,2,0,7
565,80,0,6,2,4,2,2,1,1
566,80,0,1,3,4,1,0,0,0
567,80,0,10,3,3,9,8,7,8
568,80,1,32,3,2,1,0,0,0
569,80,1,28,2,3,27,10,15,7
571,80,0,12,2,2,11,7,6,7
573,80,0,22,5,4,18,13,13,11
574,80,3,20,2,3,5,0,0,4
575,80,0,26,2,1,3,2,0,1
577,80,0,6,2,3,5,4,4,3
578,80,0,19,3,3,1,0,0,0
579,80,1,14,3,3,7,3,5,7
580,80,1,15,3,3,3,2,1,2
581,80,1,13,6,4,13,8,0,8
582,80,0,15,2,4,7,6,7,7
584,80,3,8,2,3,4,3,1,3
585,80,0,4,3,3,3,2,1,2
586,80,0,10,2,3,8,7,0,0
587,80,0,12,2,3,1,0,0,0
590,80,3,11,2,3,3,2,0,2
591,80,1,8,4,3,2,2,2,0
592,80,0,10,3,2,10,3,9,7
593,80,0,4,3,3,2,2,1,2
595,80,1,14,2,3,9,7,6,7
597,80,0,37,2,3,10,9,7,7
599,80,0,16,3,3,14,3,1,10
600,80,0,15,2,3,11,9,6,9
601,80,0,22,3,3,20,6,5,13
602,80,1,8,3,3,8,3,0,7
604,80,0,10,2,4,6,5,0,5
605,80,1,10,5,2,10,9,5,8
606,80,1,9,3,4,8,7,3,7
608,80,1,8,2,2,7,7,1,0
611,80,2,8,2,4,3,2,1,2
612,80,1,10,2,3,6,1,0,5
613,80,1,10,3,2,5,4,0,1
614,80,0,0,3,3,0,0,0,0
615,80,1,20,2,3,1,0,0,1
616,80,0,10,3,3,8,7,0,7
618,80,2,8,5,3,0,0,0,0
620,80,0,5,3,3,5,4,0,3
621,80,0,10,3,3,10,7,5,7
622,80,0,1,3,1,1,0,0,0
623,80,0,12,3,4,6,5,1,2
624,80,0,28,3,2,2,2,1,2
625,80,1,22,2,3,18,16,11,8
626,80,1,9,6,3,9,5,7,7
630,80,2,18,3,3,10,9,6,9
631,80,0,6,2,3,4,2,1,2
632,80,2,3,3,3,2,2,2,1
634,80,1,18,4,3,1,0,0,0
635,80,1,8,2,2,6,5,4,3
638,80,1,31,5,3,31,9,0,9
639,80,2,6,3,3,6,5,1,4
641,80,2,6,5,4,5,3,1,4
643,80,1,1,2,3,1,0,0,0
644,80,1,32,2,3,32,5,10,7
645,80,0,7,1,3,7,4,0,6
647,80,1,6,4,3,6,3,1,2
648,80,1,1,2,4,1,0,0,0
649,80,1,6,3,3,6,5,1,3
650,80,0,9,2,1,3,1,1,2
652,80,0,9,3,3,3,2,0,2
653,80,2,13,4,4,7,7,5,7
655,80,2,6,5,2,5,3,0,3
656,80,1,17,3,2,3,0,1,0
657,80,0,1,0,4,1,0,0,0
659,80,2,10,4,3,10,2,2,2
661,80,1,21,3,2,1,0,0,0
662,80,0,8,3,2,0,0,0,0
663,80,1,10,3,3,8,7,4,7
664,80,1,21,3,1,3,2,0,2
665,80,0,10,1,4,2,2,0,2
666,80,2,8,3,3,8,2,0,6
667,80,1,5,3,3,4,3,0,2
669,80,0,3,2,3,3,2,1,2
671,80,1,26,2,4,2,2,0,1
675,80,0,3,3,3,2,2,2,2
677,80,0,6,3,3,5,0,1,2
679,80,1,6,2,2,6,4,0,5
680,80,1,1,2,3,1,0,0,0
682,80,0,18,2,4,14,7,8,10
683,80,1,10,4,2,10,9,8,8
684,80,2,5,4,3,1,1,0,0
686,80,1,3,2,3,3,2,0,2
689,80,1,10,2,3,10,7,7,8
690,80,1,6,5,2,6,0,1,2
691,80,0,17,3,3,17,11,11,8
692,80,1,15,2,1,13,11,4,7
698,80,1,16,1,4,9,7,7,1
699,80,1,13,2,3,3,2,0,2
700,80,0,5,0,3,4,2,1,1
701,80,0,1,5,3,1,0,1,1
702,80,0,10,3,3,10,8,9,7
704,80,2,1,3,3,1,0,0,0
705,80,1,5,3,4,3,2,0,2
707,80,1,4,4,3,3,2,1,2
709,80,0,8,2,3,7,7,0,5
710,80,1,10,5,3,10,7,2,8
712,80,0,12,3,3,2,2,2,2
714,80,2,6,3,3,6,5,0,4
715,80,0,4,2,3,1,0,0,0
716,80,3,20,3,3,20,8,3,8
717,80,0,9,3,4,8,7,7,7
720,80,0,4,3,3,2,2,2,0
721,80,0,20,4,3,20,7,11,10
722,80,0,10,2,2,10,7,0,8
723,80,1,18,4,3,4,3,1,3
724,80,0,10,4,2,9,7,1,8
725,80,0,9,3,3,9,7,0,7
727,80,0,10,6,3,7,7,7,7
728,80,0,20,2,3,7,7,1,7
729,80,1,20,2,3,18,13,1,12
730,80,0,32,3,3,5,1,1,3
731,80,3,23,2,2,21,6,12,6
732,80,0,10,1,3,2,2,2,2
733,80,2,9,4,2,9,7,1,7
734,80,1,22,3,3,22,7,2,10
738,80,1,4,2,3,2,2,2,2
741,80,0,10,4,3,7,7,3,7
742,80,1,10,2,3,8,7,0,5
743,80,0,10,4,4,1,0,0,0
744,80,0,9,5,3,5,2,1,4
746,80,2,28,2,2,22,2,11,13
747,80,1,10,2,2,8,7,7,7
749,80,0,1,6,3,1,0,0,0
752,80,0,7,2,3,2,2,2,2
754,80,1,7,5,3,2,2,2,2
757,80,0,10,2,3,5,1,4,3
758,80,1,5,2,4,4,3,0,2
760,80,1,12,3,1,8,3,3,6
762,80,0,30,1,2,10,7,1,1
763,80,0,5,2,2,4,2,2,3
764,80,0,9,2,1,7,6,0,7
766,80,2,2,2,3,2,2,2,2
769,80,0,19,4,3,2,2,2,2
771,80,1,16,2,4,1,0,0,0
772,80,2,10,2,3,10,8,4,7
773,80,1,6,0,1,1,0,0,1
775,80,1,7,3,3,0,0,0,0
776,80,0,34,3,4,34,6,1,16
780,80,0,10,2,2,10,9,7,8
781,80,0,6,5,2,6,5,1,4
783,80,0,9,3,3,8,7,3,1
784,80,0,2,3,3,2,2,0,2
785,80,0,8,2,3,5,4,1,3
786,80,0,6,5,3,6,5,1,4
787,80,1,24,2,3,5,2,1,4
789,80,0,10,1,3,10,7,0,9
791,80,1,5,3,3,4,3,1,2
792,80,1,5,2,3,2,2,2,0
793,80,1,11,3,2,8,7,1,1
796,80,0,6,2,2,4,3,1,2
797,80,0,10,2,3,4,2,1,3
799,80,2,9,4,3,5,3,1,4
800,80,1,5,3,3,4,2,1,1
802,80,2,6,3,2,5,3,4,3
803,80,0,17,2,3,15,7,4,12
804,80,0,6,3,3,6,5,1,3
805,80,1,3,1,2,3,2,0,2
806,80,2,7,2,3,2,2,0,2
807,80,1,8,2,3,8,7,3,7
808,80,1,6,1,3,3,2,1,2
809,80,1,24,4,2,24,7,14,9
811,80,2,1,2,3,0,0,0,0
812,80,3,1,4,3,1,0,0,0
813,80,1,9,3,3,5,2,1,4
815,80,0,30,3,3,4,3,0,3
816,80,1,1,1,3,1,0,0,0
817,80,0,14,3,4,13,9,3,7
819,80,0,6,3,3,3,2,0,2
820,80,1,26,3,2,26,14,3,0
823,80,1,10,2,3,9,7,0,5
824,80,1,10,3,3,10,7,0,7
825,80,0,40,2,3,31,15,13,8
826,80,0,7,0,3,2,2,2,2
827,80,1,8,4,3,4,3,0,2
828,80,0,5,3,2,2,2,2,1
829,80,1,8,2,3,5,2,0,4
830,80,1,14,3,3,14,13,6,8
832,80,0,10,6,3,1,0,0,0
833,80,0,12,4,2,0,0,0,0
834,80,0,1,3,3,1,0,0,0
836,80,1,10,3,2,9,8,7,8
837,80,1,13,3,2,4,3,1,2
838,80,0,6,3,3,5,2,1,3
840,80,2,9,3,4,9,8,7,7
842,80,0,12,3,2,9,7,7,3
843,80,1,22,3,3,4,1,1,0
844,80,1,9,3,3,9,8,0,8
845,80,0,17,3,4,8,5,1,6
846,80,0,8,2,3,8,7,7,5
847,80,1,4,1,1,3,2,0,2
848,80,1,8,2,3,8,7,1,7
850,80,3,0,6,2,0,0,0,0
851,80,1,29,2,2,20,6,4,17
852,80,0,10,2,2,5,2,2,3
854,80,0,6,3,2,4,3,0,1
855,80,1,9,5,3,9,8,0,8
856,80,0,6,3,2,6,5,1,1
857,80,1,18,1,2,18,14,4,11
859,80,1,8,3,2,5,2,0,3
861,80,1,10,3,2,5,4,0,3
862,80,1,35,3,3,5,2,0,4
864,80,1,18,2,3,5,4,0,2
865,80,1,9,3,2,5,3,1,3
867,80,0,31,3,3,9,8,0,0
868,80,2,9,2,3,1,0,0,0
869,80,1,6,6,3,5,1,0,4
872,80,2,4,2,1,2,2,2,2
874,80,1,10,2,2,3,2,0,2
875,80,0,8,2,3,2,1,2,2
878,80,0,6,3,3,5,4,0,3
879,80,0,5,3,3,5,3,0,3
880,80,1,17,2,3,17,14,5,15
881,80,1,10,3,2,10,2,7,8
882,80,1,4,2,3,3,0,0,2
885,80,0,5,1,4,5,2,0,3
887,80,1,7,2,3,4,2,0,2
888,80,0,6,2,2,5,2,3,4
889,80,1,10,3,3,10,8,5,3
893,80,1,3,3,3,2,2,1,2
894,80,1,17,1,2,5,3,1,3
895,80,1,8,2,3,6,4,0,2
896,80,3,5,3,3,3,2,0,2
897,80,1,28,3,3,2,0,2,2
899,80,0,16,2,3,13,10,4,8
900,80,1,10,3,3,5,4,0,0
901,80,0,33,0,3,12,9,3,8
902,80,1,12,2,2,5,2,2,2
903,80,1,8,2,3,7,6,7,7
904,80,0,10,2,3,10,0,0,9
905,80,1,31,3,3,31,6,14,7
909,80,2,13,2,3,5,4,0,4
910,80,1,7,4,4,4,3,0,3
911,80,0,1,2,1,1,0,0,1
912,80,3,8,5,3,4,3,0,3
913,80,0,8,0,3,8,7,7,1
916,80,0,4,3,3,4,2,0,2
918,80,1,3,3,2,1,0,0,0
920,80,1,4,2,4,1,0,0,0
922,80,0,2,3,2,2,2,0,2
923,80,0,1,3,2,1,0,0,0
924,80,1,17,2,2,16,8,4,11
925,80,0,3,3,2,3,2,1,2
926,80,1,4,3,4,3,2,0,2
927,80,1,10,1,2,7,7,1,0
930,80,1,6,2,3,2,2,2,2
932,80,0,8,2,1,2,2,2,2
933,80,0,1,2,3,1,1,0,0
934,80,2,1,3,3,1,0,1,0
936,80,0,10,6,3,5,4,0,3
939,80,0,6,1,3,3,2,0,2
940,80,1,24,3,3,6,0,0,4
941,80,0,13,2,4,7,7,5,2
942,80,1,10,2,1,10,6,0,7
944,80,1,29,3,2,26,9,1,7
945,80,2,13,2,2,0,0,0,0
947,80,1,9,2,2,9,8,0,0
949,80,0,8,6,3,6,2,0,1
950,80,1,15,3,3,15,12,5,11
951,80,0,5,3,3,3,0,0,2
952,80,3,1,2,3,1,0,0,0
954,80,1,11,2,2,1,0,0,0
956,80,0,7,2,3,7,7,0,7
957,80,0,20,3,3,18,13,2,17
958,80,0,16,6,3,11,8,3,9
959,80,0,1,3,4,1,0,0,0
960,80,0,1,2,3,1,0,0,0
961,80,2,10,2,1,9,7,8,5
964,80,1,3,2,3,1,1,0,0
966,80,1,8,2,4,8,7,6,3
967,80,1,16,6,3,16,7,3,7
969,80,0,6,3,3,5,0,1,4
970,80,0,17,2,1,14,1,11,7
972,80,0,9,5,2,9,7,0,8
974,80,1,3,5,3,3,1,0,2
975,80,0,5,3,3,5,2,1,0
976,80,1,26,2,2,9,8,7,8
977,80,0,7,4,3,1,0,0,0
981,80,1,22,3,4,17,13,15,2
982,80,1,10,2,4,8,4,7,7
983,80,0,6,1,3,5,3,1,3
984,80,1,12,2,3,10,9,0,8
985,80,0,9,3,3,8,7,0,7
986,80,0,22,2,2,1,0,0,0
987,80,0,20,3,4,19,10,2,7
990,80,2,12,3,3,7,7,0,7
991,80,0,4,0,3,3,2,1,2
992,80,0,10,2,3,10,8,6,0
994,80,0,3,5,3,0,0,0,0
995,80,0,5,4,3,3,2,0,2
996,80,2,8,2,3,5,3,0,2
997,80,1,32,1,2,5,4,1,3
998,80,1,6,2,3,6,5,1,2
999,80,1,21,2,4,18,16,0,11
1001,80,1,4,2,3,2,2,2,2
1002,80,1,9,2,3,9,8,0,8
1003,80,0,9,0,3,9,0,0,7
1004,80,0,7,2,3,5,2,0,1
1005,80,1,22,2,3,12,11,1,5
1006,80,1,3,0,2,2,1,0,2
1007,80,1,13,3,3,8,7,0,7
1009,80,2,5,6,3,4,2,3,2
1010,80,1,5,2,1,4,2,0,2
1011,80,1,4,1,3,4,3,0,3
1012,80,0,0,2,3,0,0,0,0
1013,80,1,22,2,3,10,7,0,8
1014,80,1,16,3,2,16,10,10,1
1015,80,3,9,4,2,8,7,1,7
1016,80,0,1,2,3,1,0,0,0
1017,80,0,4,3,3,3,2,1,2
1018,80,0,8,2,3,8,7,1,3
1019,80,1,4,3,2,4,3,1,1
1022,80,0,19,0,3,2,2,2,2
1024,80,0,27,3,3,15,11,4,8
1025,80,0,8,6,3,2,2,2,1
1026,80,1,21,3,3,21,6,11,8
1027,80,1,4,2,3,3,2,2,2
1028,80,1,3,4,2,3,2,1,2
1029,80,0,21,3,4,1,0,0,0
1030,80,0,8,5,3,1,0,0,0
1032,80,0,30,4,3,5,3,4,3
1033,80,0,15,2,1,1,0,0,0
1034,80,2,17,3,3,8,7,6,7
1035,80,2,21,3,3,21,16,5,10
1036,80,0,19,1,3,1,0,0,0
1037,80,0,7,6,3,2,2,2,2
1038,80,1,33,3,3,32,14,6,9
1039,80,1,23,2,3,12,11,11,11
1040,80,1,19,3,3,18,7,0,13
1042,80,0,18,1,3,17,13,15,14
1043,80,0,21,2,3,21,6,2,8
1044,80,0,3,2,2,2,2,2,2
1045,80,1,26,4,4,9,3,1,1
1046,80,0,10,2,3,8,7,7,7
1047,80,1,16,2,2,15,1,0,9
1048,80,1,14,1,1,6,4,0,4
1049,80,0,6,3,3,6,3,0,4
1050,80,1,30,2,3,15,7,6,12
1052,80,1,9,3,2,1,0,0,0
1053,80,1,6,2,3,3,2,1,2
1055,80,1,1,2,3,1,1,0,0
1056,80,0,1,5,3,1,0,0,0
1060,80,1,8,2,3,2,2,2,2
1061,80,1,29,2,2,8,1,7,7
1062,80,0,8,3,2,4,3,0,1
1066,80,1,8,3,2,7,7,7,5
1068,80,2,5,5,3,5,3,1,3
1069,80,2,23,0,3,2,2,2,2
1070,80,1,13,4,3,9,4,7,0
1071,80,1,18,4,3,5,4,0,3
1073,80,0,15,2,2,14,8,7,8
1074,80,0,31,3,4,9,7,6,2
1076,80,1,18,5,3,1,0,0,0
1077,80,0,2,3,3,2,2,0,2
1079,80,0,1,6,2,1,0,1,0
1080,80,3,19,2,3,16,13,1,7
1081,80,3,18,2,4,10,0,2,7
1082,80,0,10,2,2,10,7,1,9
1083,80,2,6,2,3,5,3,1,3
1084,80,1,7,1,2,6,2,0,2
1085,80,0,10,3,3,10,6,0,8
1088,80,1,20,4,2,19,9,1,9
1092,80,1,14,6,3,11,10,11,1
1094,80,3,3,4,3,3,2,1,2
1096,80,1,23,4,3,3,2,1,2
1097,80,0,10,4,4,8,7,1,7
1098,80,1,24,1,3,20,6,3,6
1099,80,1,9,2,3,3,2,1,2
1100,80,0,9,2,3,8,7,4,7
1101,80,0,14,4,3,13,7,3,8
1102,80,1,4,5,2,4,2,2,2
1103,80,0,7,1,2,6,2,0,4
1105,80,3,8,5,3,1,0,0,0
1106,80,1,7,3,4,7,7,5,6
1107,80,1,1,0,2,1,1,0,0
1108,80,0,5,0,3,2,2,2,2
1109,80,1,23,3,3,22,6,13,7
1111,80,2,1,2,3,1,0,0,0
1113,80,0,5,4,3,0,0,0,0
1114,80,1,4,3,3,3,2,0,2
1115,80,3,6,2,3,0,0,0,0
1116,80,0,27,3,2,5,4,2,1
1117,80,1,15,2,3,15,10,4,12
1118,80,0,18,4,3,8,6,4,0
1119,80,2,9,2,3,8,7,2,7
1120,80,1,11,1,3,7,5,1,7
1121,80,3,10,3,2,9,7,1,7
1124,80,1,23,3,3,12,9,4,9
1125,80,0,10,2,3,1,0,0,0
1126,80,1,18,1,3,8,7,0,1
1127,80,3,21,4,3,18,7,11,5
1128,80,0,21,2,4,20,7,4,9
1131,80,0,2,6,4,2,2,2,2
1132,80,0,9,2,2,5,4,0,3
1133,80,0,18,0,3,11,9,0,9
1135,80,1,3,4,3,2,2,2,2
1136,80,0,6,2,1,5,3,0,4
1137,80,1,5,3,3,5,2,0,2
1138,80,1,22,3,3,9,8,2,3
1140,80,0,5,3,2,3,2,0,2
1143,80,2,8,2,2,7,5,1,1
1148,80,0,16,3,3,1,0,0,0
1150,80,1,10,2,2,10,7,1,2
1152,80,1,7,2,4,7,6,5,0
1154,80,1,3,2,3,3,1,0,2
1156,80,0,0,0,3,0,0,0,0
1157,80,0,6,3,3,5,2,0,3
1158,80,1,6,4,3,1,0,0,0
1160,80,1,2,5,2,2,2,2,2
1161,80,2,9,2,3,6,2,1,3
1162,80,1,4,0,3,4,2,2,2
1163,80,0,6,3,2,6,5,1,3
1164,80,0,6,2,1,5,4,1,4
1165,80,1,11,3,1,11,8,3,10
1166,80,0,20,3,2,18,7,2,13
1167,80,0,22,2,2,21,9,13,14
1171,80,0,9,3,4,6,4,1,5
1172,80,1,10,2,3,8,0,1,7
1173,80,0,6,2,3,4,3,1,2
1175,80,0,1,4,2,1,1,0,0
1177,80,1,8,2,3,8,7,0,7
1179,80,1,10,3,3,10,3,1,4
1180,80,1,16,3,1,1,1,0,0
1182,80,1,15,2,4,7,7,6,4
1184,80,0,14,3,3,13,9,4,9
1185,80,1,2,2,4,2,2,2,2
1188,80,0,7,2,2,4,3,1,3
1190,80,3,1,3,3,1,0,0,0
1191,80,1,28,2,3,5,2,4,2
1192,80,1,10,5,3,10,8,0,8
1193,80,0,1,4,3,1,1,0,0
1195,80,1,7,2,2,3,2,0,2
1196,80,1,14,2,2,14,8,3,11
1198,80,0,2,2,2,2,2,1,2
1200,80,0,6,4,3,6,4,0,2
1201,80,1,26,6,3,7,7,4,7
1202,80,1,6,2,2,5,4,1,3
1203,80,1,1,5,3,0,0,0,0
1204,80,0,28,2,3,26,15,15,9
1206,80,0,6,3,3,0,0,0,0
1207,80,1,5,2,3,5,4,1,4
1210,80,1,5,2,1,1,0,0,0
1211,80,3,8,3,3,4,3,0,3
1212,80,3,5,2,3,0,0,0,0
1215,80,1,32,3,3,2,2,2,2
1216,80,3,6,2,3,6,5,3,3
1217,80,1,25,2,3,4,2,0,3
1218,80,3,15,2,3,7,7,1,7
1219,80,1,1,3,1,1,0,0,0
1220,80,1,10,3,2,10,7,0,1
1221,80,1,7,4,3,7,7,1,7
1224,80,3,10,4,2,10,7,8,9
1225,80,0,20,3,3,20,11,13,17
1226,80,0,2,2,3,2,1,2,2
1228,80,1,12,3,2,6,3,1,4
1231,80,1,10,3,4,4,3,0,3
1233,80,1,12,3,3,11,7,1,9
1234,80,1,2,2,3,2,2,2,2
1235,80,0,10,2,3,8,7,0,7
1237,80,1,17,2,3,7,7,7,7
1238,80,1,15,5,3,14,10,4,10
1239,80,1,7,2,4,5,1,1,3
1240,80,0,5,4,3,4,3,1,1
1241,80,1,12,2,3,11,9,5,7
1242,80,0,20,6,3,1,0,0,0
1243,80,1,16,6,2,13,2,4,12
1244,80,2,9,3,2,9,7,6,8
1245,80,1,33,2,1,5,4,1,4
1246,80,1,10,5,3,10,5,7,7
1248,80,0,1,2,4,1,1,0,0
1249,80,3,3,5,3,3,2,1,2
1250,80,0,36,2,3,10,9,0,9
1251,80,0,6,2,2,6,5,0,1
1252,80,0,10,2,3,10,9,1,8
1254,80,0,13,2,3,6,1,0,5
1255,80,1,25,2,3,8,7,0,7
1256,80,1,23,2,4,1,0,0,0
1257,80,0,12,2,2,11,10,0,7
1258,80,0,7,4,2,1,0,0,0
1259,80,3,5,2,3,5,3,0,3
1260,80,2,6,2,3,6,0,1,0
1263,80,0,25,3,4,1,0,0,0
1264,80,2,9,2,2,7,7,1,7
1265,80,0,2,5,2,1,0,0,0
1267,80,1,26,5,3,22,9,3,10
1268,80,2,10,3,3,9,8,0,8
1269,80,0,1,2,3,1,0,0,1
1270,80,1,1,2,3,1,0,0,1
1273,80,0,1,4,3,1,0,1,0
1275,80,0,8,2,2,8,5,2,2
1277,80,0,26,2,3,24,10,1,11
1278,80,1,34,3,3,33,9,15,0
1279,80,0,2,2,1,2,2,2,2
1280,80,1,26,2,3,11,4,0,8
1281,80,0,4,3,3,3,2,0,2
1282,80,1,31,5,2,29,10,11,10
1283,80,0,25,6,2,9,7,5,4
1285,80,2,15,2,4,11,8,5,10
1286,80,0,5,2,2,4,2,0,2
1288,80,2,26,4,2,25,9,14,13
1289,80,2,14,5,4,10,9,1,8
1291,80,0,4,3,3,3,2,2,2
1292,80,0,18,2,3,1,0,0,0
1293,80,0,23,3,4,21,7,15,17
1294,80,0,18,2,3,16,14,5,12
1295,80,1,10,2,3,10,7,0,5
1296,80,1,2,2,3,2,2,2,2
1297,80,0,8,6,2,7,0,7,7
1298,80,0,10,3,3,8,4,1,7
1299,80,2,10,2,3,7,7,7,7
1301,80,0,5,2,2,3,2,1,2
1303,80,0,2,3,2,2,2,2,1
1304,80,2,10,4,4,10,7,0,8
1306,80,0,22,4,3,0,0,0,0
1307,80,2,21,4,3,19,9,15,2
1308,80,2,2,3,3,2,2,2,2
1309,80,1,10,3,3,10,4,1,1
1310,80,0,6,2,3,5,2,0,3
1311,80,1,10,6,3,9,2,6,7
1312,80,0,10,0,3,7,7,1,7
1314,80,0,10,3,4,7,6,5,7
1315,80,3,10,6,3,9,8,7,5
1317,80,0,25,2,3,3,2,1,2
1318,80,0,9,2,3,5,4,1,0
1319,80,0,10,2,2,8,7,7,7
1321,80,2,9,2,3,9,1,0,8
1322,80,0,9,6,3,8,7,1,7
1324,80,1,10,5,2,10,8,9,6
1329,80,0,19,4,3,19,2,11,9
1331,80,0,3,2,4,3,2,2,2
1333,80,0,10,4,4,3,2,1,2
1334,80,0,21,3,2,20,8,2,10
1336,80,1,23,5,3,19,9,9,11
1338,80,0,36,4,3,7,3,7,7
1340,80,1,6,0,3,4,2,0,0
1344,80,1,10,0,2,9,7,1,6
1346,80,0,9,4,3,9,8,8,8
1349,80,1,10,2,3,9,3,1,7
1350,80,0,9,3,3,9,6,1,1
1352,80,1,33,2,3,33,9,0,10
1355,80,1,11,3,3,7,7,1,7
1356,80,0,10,6,4,10,8,9,6
1358,80,3,7,6,2,3,2,1,2
1360,80,0,31,0,2,10,9,5,9
1361,80,1,7,3,3,4,2,0,3
1362,80,1,17,2,2,15,7,6,13
1363,80,0,11,2,3,10,9,0,8
1364,80,1,5,4,3,1,0,0,0
1367,80,0,29,1,2,5,2,0,3
1368,80,0,0,5,4,0,0,0,0
1369,80,1,10,0,3,9,7,0,0
1371,80,0,8,3,3,6,2,0,0
1372,80,0,24,2,2,19,7,3,8
1373,80,1,33,0,3,19,16,15,9
1374,80,3,5,2,3,5,4,0,0
1375,80,3,15,0,3,12,11,11,8
1377,80,2,10,1,3,8,7,7,7
1379,80,0,3,3,4,1,0,0,0
1380,80,1,5,0,2,4,2,3,2
1382,80,3,4,2,3,4,2,0,3
1383,80,0,14,2,4,14,11,4,11
1387,80,1,5,0,3,5,3,0,4
1389,80,2,10,3,2,10,2,6,7
1390,80,2,8,2,4,5,4,1,4
1391,80,0,14,5,3,4,2,3,2
1392,80,2,12,4,2,6,2,3,3
1394,80,0,8,2,3,6,4,1,3
1395,80,0,8,2,4,5,4,1,2
1396,80,3,4,3,2,3,2,1,2
1397,80,1,13,2,3,6,4,0,5
1399,80,0,6,3,2,3,2,1,2
1401,80,1,24,3,2,5,3,0,2
1402,80,0,20,3,1,20,7,1,8
1403,80,0,6,3,3,6,2,4,4
1405,80,0,8,2,3,8,2,7,7
1407,80,0,5,2,3,4,3,1,1
1408,80,1,21,5,3,20,7,0,9
1409,80,0,12,2,1,5,4,0,4
1411,80,0,8,6,3,3,2,0,2
1412,80,0,10,2,3,2,2,2,2
1415,80,1,7,2,2,3,2,0,2
1417,80,0,8,2,3,7,7,0,7
1419,80,0,10,3,2,10,9,0,9
1420,80,0,20,2,3,4,3,1,3
1421,80,0,9,1,3,8,7,7,7
1422,80,0,29,3,2,20,7,12,7
1423,80,1,32,3,3,9,8,1,5
1424,80,2,31,4,4,7,7,0,0
1425,80,0,15,3,3,5,4,0,1
1427,80,0,1,3,3,1,0,0,0
1428,80,2,8,3,3,3,2,0,2
1430,80,0,9,3,4,3,2,1,0
1431,80,2,10,2,3,4,3,1,3
1433,80,0,1,3,4,1,0,0,0
1434,80,0,6,3,4,5,0,1,4
1435,80,0,10,2,2,10,4,1,8
1436,80,2,11,3,2,3,2,0,2
1438,80,1,17,2,2,6,5,1,2
1439,80,0,6,2,3,3,2,2,2
1440,80,0,7,2,1,6,5,1,3
1441,80,1,5,3,4,3,2,1,0
1443,80,2,26,2,4,20,17,5,6
1445,80,2,5,3,3,5,4,0,3
1446,80,1,7,3,2,4,3,0,3
1447,80,1,7,2,2,5,4,0,2
1448,80,0,7,5,2,4,2,0,3
1449,80,2,11,2,4,8,7,0,7
1453,80,1,13,5,3,13,7,9,9
1457,80,1,28,1,4,7,7,4,3
1458,80,0,11,2,4,1,0,0,0
1459,80,0,10,2,3,10,8,4,7
1460,80,1,24,2,3,7,7,0,7
1461,80,0,8,3,3,3,2,0,2
1464,80,1,7,2,1,2,2,2,2
1465,80,2,10,4,4,3,1,1,2
1466,80,3,15,3,3,2,2,2,2
1467,80,0,2,0,3,2,2,2,2
1468,80,1,16,5,3,9,8,4,8
1469,80,0,6,4,3,5,4,1,3
1471,80,0,7,5,3,5,2,0,3
1472,80,0,35,2,2,9,8,8,8
1473,80,1,20,0,2,3,2,1,2
1474,80,1,8,3,4,3,1,1,2
1475,80,0,6,3,2,5,2,1,3
1477,80,2,5,2,3,4,3,0,3
1478,80,0,15,2,3,13,9,3,12
1479,80,2,4,2,2,2,1,2,2
1480,80,0,12,3,3,12,9,5,8
1481,80,1,11,4,2,1,0,0,0
1482,80,2,1,2,2,1,0,0,0
1483,80,1,13,2,2,12,9,2,8
1484,80,2,29,3,3,8,7,0,7
1485,80,2,16,3,2,14,8,6,9
1486,80,1,5,3,4,3,2,1,2
1487,80,0,7,4,1,5,3,0,0
1489,80,0,16,2,4,15,9,10,10
1492,80,1,1,3,3,1,0,0,0
1494,80,0,4,2,2,0,0,0,0
1495,80,1,1,2,3,1,0,0,0
1496,80,0,16,2,2,2,2,2,2
1497,80,2,10,3,3,10,7,0,4
1499,80,1,6,3,4,5,3,1,3
1501,80,0,4,2,3,3,2,1,2
1502,80,0,8,5,3,5,4,0,2
1503,80,1,11,4,2,5,4,1,2
1504,80,0,8,2,2,0,0,0,0
1506,80,1,1,2,1,1,0,0,0
1507,80,0,5,5,3,4,2,1,3
1509,80,1,10,3,3,3,2,1,2
1513,80,3,4,3,3,3,2,0,2
1514,80,2,8,2,2,8,6,1,7
1515,80,0,14,6,3,0,0,0,0
1516,80,0,10,5,4,5,2,0,0
1520,80,1,26,2,3,14,9,1,12
1522,80,0,11,2,1,9,7,0,7
1523,80,1,24,1,4,20,6,14,17
1525,80,0,9,3,3,2,0,2,2
1527,80,1,23,2,4,13,12,5,1
1529,80,0,11,3,1,11,8,3,3
1533,80,0,5,2,3,4,3,1,2
1534,80,0,15,3,1,5,4,1,0
1535,80,0,10,3,3,10,9,8,6
1537,80,0,7,2,1,7,2,7,7
1539,80,0,32,2,3,32,6,13,9
1541,80,1,12,4,3,11,10,5,7
1542,80,1,4,3,3,1,0,0,0
1543,80,0,10,2,3,10,8,3,7
1544,80,1,9,3,3,7,7,0,7
1545,80,0,5,2,3,5,3,0,2
1546,80,1,8,3,3,5,4,0,3
1547,80,1,24,3,1,20,8,13,9
1548,80,0,9,5,4,8,4,7,1
1549,80,1,15,3,3,15,14,5,7
1550,80,0,21,2,3,21,7,7,7
1551,80,3,2,3,3,1,1,0,0
1552,80,0,8,2,3,2,2,2,2
1553,80,3,10,4,3,10,8,7,7
1554,80,2,6,5,3,5,3,4,2
1555,80,1,12,2,3,7,1,2,5
1556,80,0,7,3,2,3,2,1,2
1557,80,1,18,2,3,8,7,7,7
1558,80,2,5,2,2,1,0,0,0
1560,80,1,8,6,1,2,2,2,2
1562,80,1,10,4,3,10,8,6,7
1563,80,0,10,2,3,6,3,1,2
1564,80,0,3,3,3,3,0,1,2
1568,80,1,9,3,3,4,2,1,3
1569,80,1,1,2,3,1,0,0,0
1572,80,1,34,4,3,33,7,1,9
1573,80,2,7,2,3,5,2,1,4
1574,80,1,9,3,2,6,5,1,2
1576,80,1,10,3,2,8,2,7,6
1577,80,0,1,4,1,1,0,0,0
1578,80,1,36,3,3,36,6,2,13
1580,80,1,9,3,2,2,2,2,1
1581,80,0,1,5,3,1,0,0,0
1582,80,1,10,3,3,9,8,7,7
1583,80,0,8,5,4,3,2,1,2
1585,80,0,15,5,3,1,0,0,0
1586,80,0,10,3,3,10,9,1,5
1587,80,0,10,4,3,5,2,0,4
1588,80,1,11,3,3,7,6,7,6
1590,80,1,6,0,4,6,4,1,3
1591,80,1,27,2,3,1,0,0,0
1592,80,1,4,2,3,2,2,2,2
1594,80,1,9,3,3,3,2,0,2
1595,80,0,24,2,3,1,0,0,1
1596,80,2,10,3,2,10,9,6,8
1597,80,1,8,3,2,8,2,7,7
1598,80,1,5,2,3,5,4,1,2
1599,80,1,8,0,3,6,4,0,2
1601,80,1,1,5,2,1,0,0,1
1602,80,0,27,5,1,26,0,0,12
1604,80,3,1,3,3,1,1,0,0
1605,80,0,4,2,2,4,2,1,3
1606,80,1,32,3,3,30,8,12,13
1607,80,2,6,3,3,3,2,0,2
1608,80,1,23,4,2,22,7,1,10
1609,80,1,6,3,2,6,4,1,1
1611,80,0,10,3,3,10,7,1,4
1612,80,1,10,2,3,10,7,4,5
1613,80,0,10,3,3,5,2,0,3
1614,80,2,7,2,3,3,2,1,1
1615,80,1,9,3,3,9,7,7,2
1617,80,1,10,3,2,9,6,1,4
1618,80,3,10,3,3,7,7,7,7
1619,80,2,7,3,3,7,7,0,7
1621,80,0,16,2,3,16,15,1,10
1622,80,1,6,5,2,5,3,0,0
1623,80,0,3,2,3,2,2,2,2
1624,80,0,0,2,4,0,0,0,0
1625,80,1,27,2,3,5,2,1,0
1627,80,1,11,3,3,10,8,0,7
1628,80,2,18,2,3,18,15,14,12
1630,80,1,15,5,3,14,11,2,9
1631,80,3,9,2,2,4,3,0,2
1633,80,0,10,2,1,9,2,3,8
1635,80,2,10,3,3,10,7,3,9
1638,80,1,10,6,4,5,4,0,2
1639,80,0,15,3,3,13,12,6,0
1640,80,1,8,2,1,8,4,7,7
1641,80,0,18,2,2,4,2,3,3
1642,80,0,14,3,3,10,7,0,2
1644,80,1,23,3,3,2,2,2,2
1645,80,2,7,2,2,2,2,2,2
1646,80,0,6,2,3,6,3,1,3
1647,80,0,5,0,3,3,2,0,2
1648,80,0,6,0,2,4,2,1,2
1649,80,0,10,3,1,4,2,0,3
1650,80,0,8,2,3,5,2,1,4
1651,80,2,9,6,3,3,2,0,2
1653,80,2,7,6,3,7,7,0,7
1654,80,0,7,3,3,5,4,1,0
1655,80,2,27,2,3,4,2,1,2
1656,80,3,19,3,3,14,11,1,11
1657,80,0,2,3,3,2,2,2,2
1658,80,1,11,2,3,11,8,7,9
1659,80,0,15,4,3,4,3,1,3
1661,80,1,30,3,3,15,11,2,12
1662,80,0,4,6,3,3,2,1,2
1664,80,1,13,3,3,5,4,0,4
1665,80,1,36,6,3,10,8,4,7
1666,80,1,14,3,3,14,10,6,11
1667,80,0,13,2,4,11,9,6,7
1668,80,2,19,4,4,13,11,2,9
1669,80,1,10,3,2,10,0,0,9
1670,80,2,6,5,3,6,2,0,4
1671,80,2,10,4,2,9,5,1,6
1673,80,2,10,2,3,10,0,0,2
1674,80,1,17,2,2,2,2,2,2
1675,80,0,4,3,3,4,3,3,3
1676,80,3,29,2,3,3,2,1,2
1677,80,0,23,2,3,8,7,0,0
1678,80,0,21,2,3,2,0,0,2
1680,80,0,2,3,3,2,2,0,2
1681,80,1,7,2,3,6,5,1,2
1682,80,2,10,2,2,3,2,0,2
1683,80,3,8,2,3,2,2,2,2
1684,80,0,5,2,3,5,4,1,2
1687,80,1,7,5,2,0,0,0,0
1689,80,0,11,2,3,4,3,1,2
1691,80,2,19,3,3,9,7,7,7
1692,80,0,1,2,3,1,0,0,0
1693,80,0,7,5,3,7,7,5,7
1694,80,1,8,1,3,4,2,1,2
1696,80,1,15,3,4,15,10,4,13
1697,80,1,19,2,4,1,0,0,0
1698,80,3,14,6,3,14,11,2,13
1700,80,2,6,2,2,6,3,1,3
1701,80,0,10,3,3,10,9,8,7
1702,80,1,3,2,3,3,2,0,2
1703,80,1,9,2,3,8,7,6,7
1704,80,0,6,2,4,5,4,1,4
1706,80,1,10,3,3,10,9,8,8
1707,80,1,5,1,3,5,3,0,4
1708,80,0,10,3,3,10,8,8,7
1709,80,1,9,2,3,5,3,1,2
1710,80,0,17,2,2,13,7,6,7
1712,80,1,25,3,2,23,15,14,4
1714,80,1,1,2,3,1,0,0,0
1716,80,0,25,3,1,23,5,14,10
1718,80,3,3,3,4,3,2,0,2
1719,80,0,21,2,3,21,6,8,6
1720,80,1,10,3,2,5,2,1,3
1721,80,1,6,2,4,5,2,0,3
1722,80,1,10,4,3,3,2,1,2
1724,80,1,18,3,3,1,0,0,0
1725,80,3,6,2,4,6,2,1,2
1727,80,0,19,3,3,10,7,0,9
1728,80,1,17,3,3,7,7,0,7
1729,80,1,10,2,2,10,0,0,8
1731,80,1,4,3,1,1,0,0,0
1732,80,1,13,5,2,10,6,0,3
1733,80,3,16,3,3,2,2,2,2
1734,80,0,10,2,3,0,0,0,0
1735,80,0,3,3,1,3,2,1,2
1736,80,0,9,3,2,5,4,1,4
1737,80,1,9,2,3,9,8,5,8
1739,80,1,10,2,1,4,3,0,2
1740,80,0,21,3,2,21,8,12,8
1744,80,2,9,2,4,5,0,0,3
1745,80,0,10,2,3,9,7,0,7
1746,80,1,3,2,3,2,2,2,1
1747,80,1,6,0,2,4,2,1,2
1749,80,1,6,3,3,5,2,0,2
1751,80,0,6,5,2,6,2,1,4
1752,80,0,2,3,3,2,2,2,2
1753,80,0,10,5,4,3,2,0,2
1754,80,1,12,2,3,7,7,1,7
1755,80,3,6,3,3,5,0,1,2
1756,80,0,13,2,2,11,7,1,7
1757,80,0,8,1,4,5,1,0,4
1758,80,0,11,2,2,0,0,0,0
1760,80,1,9,4,2,6,1,0,5
1761,80,3,10,2,3,1,0,0,0
1762,80,1,1,2,3,1,0,0,0
1763,80,1,10,3,3,7,0,1,7
1764,80,0,12,3,3,7,7,0,7
1766,80,1,15,2,3,1,0,1,0
1767,80,1,6,4,3,1,0,0,0
1768,80,3,7,6,2,5,3,0,4
1770,80,3,34,2,3,1,0,0,0
1771,80,2,11,2,2,9,8,1,7
1772,80,2,5,2,3,5,3,0,4
1774,80,1,15,3,3,15,14,0,7
1775,80,3,27,2,2,3,2,0,2
1778,80,0,10,5,3,9,7,1,8
1779,80,0,6,3,3,2,2,2,2
1780,80,0,1,3,3,1,0,1,0
1782,80,1,5,3,3,5,4,0,4
1783,80,0,1,6,3,1,0,0,0
1784,80,2,13,3,3,12,7,5,7
1786,80,0,15,2,3,2,2,2,2
1787,80,2,5,2,3,5,2,0,3
1789,80,1,24,3,3,2,1,2,2
1790,80,1,15,1,3,12,8,5,7
1792,80,3,6,2,2,5,3,2,3
1794,80,0,19,4,2,10,0,4,7
1797,80,0,10,2,3,10,7,7,7
1798,80,1,14,1,3,10,8,7,6
1799,80,1,5,6,4,5,3,0,3
1800,80,0,9,3,3,4,3,2,2
1801,80,0,6,3,3,2,2,2,2
1802,80,1,7,5,2,4,3,0,2
1803,80,2,10,2,2,0,0,0,0
1804,80,1,15,6,3,7,7,1,7
1805,80,3,13,3,3,11,10,3,8
1807,80,1,11,3,2,7,1,0,7
1809,80,0,10,4,1,10,3,0,8
1812,80,1,7,6,3,2,1,2,2
1813,80,0,7,2,2,3,2,1,2
1814,80,0,11,3,1,3,2,1,2
1815,80,1,23,3,4,22,14,13,5
1816,80,0,9,3,3,7,7,0,2
1818,80,0,6,3,3,5,1,1,4
1821,80,1,13,2,4,9,7,3,7
1822,80,1,12,3,3,5,3,0,3
1823,80,2,10,5,3,10,8,4,8
1824,80,1,37,0,2,16,9,14,14
1826,80,1,6,2,4,5,4,0,3
1827,80,1,28,4,3,22,11,14,10
1829,80,1,15,3,3,7,4,7,7
1830,80,1,14,2,2,7,1,1,7
1833,80,2,9,3,3,3,2,2,2
1834,80,1,3,3,3,3,2,1,2
1835,80,2,20,4,2,4,2,0,3
1836,80,0,5,4,3,5,3,1,2
1837,80,0,23,3,3,2,2,2,2
1839,80,0,0,4,1,0,0,0,0
1842,80,0,2,4,3,1,0,0,0
1844,80,3,4,3,3,2,2,2,0
1845,80,2,10,3,4,8,7,5,7
1847,80,1,15,2,3,1,0,0,0
1849,80,1,7,5,3,7,7,7,7
1850,80,0,6,3,2,5,4,0,2
1852,80,0,11,3,4,11,8,3,10
1853,80,0,4,2,4,0,0,0,0
1854,80,2,10,1,2,6,3,3,3
1856,80,0,7,2,3,2,2,2,0
1857,80,1,12,4,2,9,8,4,7
1858,80,1,3,2,3,3,2,2,2
1859,80,2,11,3,3,7,0,1,6
1860,80,0,8,3,3,0,0,0,0
1862,80,0,7,3,2,2,2,2,2
1863,80,1,25,5,3,19,17,2,8
1864,80,1,9,5,3,9,8,5,8
1865,80,0,1,3,3,1,0,0,0
1866,80,0,21,2,3,16,12,6,14
1867,80,0,29,3,3,22,10,12,9
1868,80,0,1,3,2,1,0,1,0
1869,80,3,14,2,3,8,7,0,7
1870,80,1,8,2,2,7,6,7,3
1871,80,3,7,2,3,2,2,2,2
1873,80,1,19,2,4,5,2,0,4
1875,80,1,1,3,3,1,0,0,0
1876,80,0,1,3,2,1,0,0,0
1878,80,0,1,2,3,1,0,0,0
1880,80,1,10,4,3,10,9,1,7
1881,80,1,10,2,3,10,8,0,2
1882,80,3,9,3,3,5,3,1,0
1883,80,0,11,2,3,3,2,1,2
1885,80,1,16,2,3,5,3,0,4
1886,80,0,4,2,3,3,2,0,2
1888,80,2,10,2,2,9,8,3,8
1890,80,0,10,2,2,10,1,0,8
1892,80,1,22,3,3,19,7,11,16
1893,80,1,1,3,2,1,0,1,0
1898,80,0,9,5,2,8,7,0,7
1900,80,1,24,3,3,22,17,4,7
1903,80,1,10,5,3,2,0,2,2
1905,80,1,5,2,3,5,2,3,0
1907,80,0,5,3,3,4,2,1,0
1908,80,2,12,1,1,4,2,1,3
1909,80,1,14,3,3,5,4,1,4
1911,80,1,18,3,4,13,7,5,7
1912,80,1,8,2,3,5,2,1,4
1915,80,0,9,3,2,4,2,0,1
1916,80,1,4,0,2,2,2,2,2
1918,80,1,8,3,3,7,7,7,7
1922,80,0,12,3,3,4,2,0,3
1924,80,0,10,2,2,10,4,0,9
1927,80,1,7,2,3,7,7,0,7
1928,80,0,1,3,3,1,0,0,0
1929,80,1,10,1,3,3,2,1,2
1931,80,1,6,3,2,5,3,1,2
1932,80,0,16,3,3,15,10,6,11
1933,80,0,6,0,3,2,0,2,2
1934,80,1,16,4,4,8,7,1,7
1935,80,1,6,3,3,0,0,0,0
1936,80,1,10,3,3,10,0,7,9
1937,80,1,20,3,3,20,11,0,7
1938,80,1,29,2,2,1,0,0,0
1939,80,0,8,2,3,4,1,0,3
1940,80,2,10,0,4,5,2,0,3
1941,80,0,28,3,3,5,4,4,3
1943,80,2,14,4,3,0,0,0,0
1944,80,0,1,2,3,1,0,0,0
1945,80,1,6,2,1,5,3,0,4
1947,80,0,5,3,2,5,3,1,4
1948,80,1,4,3,4,4,2,2,3
1949,80,0,5,3,3,5,4,0,2
1950,80,0,14,3,2,14,8,2,1
1951,80,1,9,2,2,8,7,1,1
1952,80,0,8,6,2,7,7,7,6
1954,80,1,6,5,2,5,3,0,2
1955,80,1,9,6,3,5,1,1,2
1956,80,0,10,6,3,10,8,8,7
1960,80,1,6,2,2,4,1,0,3
1961,80,0,20,3,2,1,0,0,0
1962,80,0,10,2,3,10,8,0,9
1965,80,0,7,5,3,7,7,0,7
1966,80,0,8,1,3,1,0,0,0
1967,80,0,10,4,3,10,7,0,8
1968,80,0,15,2,2,2,2,2,2
1969,80,2,9,6,2,4,3,2,3
1970,80,3,9,2,3,9,7,2,8
1971,80,1,10,1,3,10,9,0,9
1972,80,1,7,2,3,6,2,1,2
1973,80,1,35,0,3,10,9,1,4
1974,80,3,1,4,3,1,0,0,0
1975,80,0,21,3,3,20,8,11,10
1976,80,0,20,2,3,20,9,3,7
1979,80,1,13,2,4,11,7,4,8
1980,80,0,9,3,3,5,2,1,4
1981,80,0,4,2,2,4,3,1,2
1982,80,0,5,6,4,5,2,1,4
1985,80,1,10,2,4,10,9,9,4
1986,80,1,15,4,3,11,8,5,10
1987,80,0,6,3,3,2,0,1,2
1989,80,0,12,6,2,12,8,1,7
1992,80,1,7,2,2,2,2,0,2
1993,80,0,25,3,3,17,14,12,11
1994,80,3,1,2,2,1,1,0,0
1995,80,2,16,3,3,15,13,5,8
1996,80,1,3,1,3,2,2,1,2
1997,80,1,10,1,3,8,3,7,7
1998,80,1,9,3,2,4,3,1,2
1999,80,1,12,3,3,5,3,1,0
2000,80,2,14,3,1,13,8,5,12
2003,80,1,5,3,3,2,2,2,2
2007,80,0,4,2,4,3,2,1,2
2008,80,0,10,5,3,10,7,0,8
2009,80,1,10,6,3,9,7,8,1
2010,80,0,6,3,3,6,2,4,1
2012,80,2,8,3,2,1,0,0,0
2013,80,1,3,2,3,2,2,2,2
2014,80,0,18,2,3,7,7,1,7
2015,80,1,20,3,3,18,16,1,11
2016,80,2,14,3,3,14,10,5,7
2017,80,1,16,2,3,16,11,6,8
2018,80,1,6,3,2,5,3,0,4
2019,80,2,16,3,2,9,8,0,0
2020,80,0,6,2,3,4,3,1,2
2021,80,0,2,6,3,2,2,1,2
2022,80,0,21,3,2,6,0,1,3
2023,80,1,1,3,2,1,0,1,0
2024,80,2,10,2,3,9,7,3,4
2025,80,3,18,3,3,4,2,0,2
2026,80,1,13,2,2,13,12,1,9
2027,80,3,4,3,4,2,2,2,2
2031,80,0,24,2,2,22,6,4,14
2032,80,1,14,4,1,10,9,9,8
2034,80,1,21,3,3,20,7,0,10
2035,80,2,8,2,3,8,7,1,7
2036,80,1,15,4,2,15,12,11,11
2037,80,1,14,5,3,5,4,0,4
2038,80,0,4,4,3,4,2,1,2
2040,80,0,9,2,3,9,0,1,7
2041,80,1,10,1,3,10,7,1,9
2044,80,2,12,3,3,6,3,0,1
2045,80,1,8,2,2,6,3,0,0
2046,80,0,8,3,3,5,3,0,1
2048,80,0,8,2,3,2,2,2,2
2049,80,2,10,2,4,10,2,0,2
2051,80,3,20,2,3,5,3,0,2
2052,80,1,4,5,3,4,3,1,1
2053,80,1,10,2,3,4,3,0,3
2054,80,0,5,3,1,5,4,0,4
2055,80,1,20,3,3,3,2,2,0
2056,80,1,21,2,2,20,9,9,6
2057,80,0,10,2,3,9,4,1,7
2060,80,0,5,2,3,4,2,0,0
2061,80,1,17,3,3,5,2,0,3
2062,80,1,9,5,3,7,7,1,7
2064,80,1,6,0,3,6,2,0,3
2065,80,0,17,3,2,9,6,0,8
2068,80,0,6,3,4,4,3,1,2
